City_ID,City,Lat,Lng,Max Temp,Humidity,Cloudiness,Wind Speed,Country,Date
0,Jaisinghnagar,23.7,81.3833,76.23,84,92,7.74,IN,2022-07-18 23:17:44
1,Hot Springs,34.5037,-93.0552,82.4,83,27,1.99,US,2022-07-19 04:58:10
2,Rikitea,-23.1203,-134.9692,74.48,74,4,12.8,PF,2022-07-19 04:58:11
3,Mahebourg,-20.4081,57.7,71.26,68,75,19.57,MU,2022-07-19 04:58:11
4,Saskylakh,71.9167,114.0833,44.37,64,100,15.39,RU,2022-07-19 04:58:12
5,Mae Sot,16.7167,98.5667,91.42,74,40,6.91,TH,2022-07-19 04:58:12
6,Barrow,71.2906,-156.7887,42.82,75,100,17.27,US,2022-07-19 04:58:13
7,Tuktoyaktuk,69.4541,-133.0374,66.2,72,75,4.61,CA,2022-07-19 04:58:13
8,New Norfolk,-42.7826,147.0587,49.5,61,45,1.72,AU,2022-07-19 04:58:13
9,Torbay,47.6666,-52.7314,62.89,86,81,18.1,CA,2022-07-19 04:58:14
10,East London,-33.0153,27.9116,68.94,37,0,12.66,ZA,2022-07-19 04:58:14
11,Fort Nelson,58.8053,-122.7002,63.99,88,75,6.91,CA,2022-07-19 04:58:15
12,Iqaluit,63.7506,-68.5145,38.93,93,100,16.11,CA,2022-07-19 04:58:15
13,Kapaa,22.0752,-159.319,77.11,81,15,4.0,US,2022-07-19 04:58:16
14,Albany,42.6001,-73.9662,72.18,90,96,11.95,US,2022-07-19 04:57:14
15,Sao Filipe,14.8961,-24.4956,75.07,83,97,9.46,CV,2022-07-19 04:58:17
16,Charleston,32.7766,-79.9309,83.01,85,0,9.22,US,2022-07-19 04:55:25
17,Grindavik,63.8424,-22.4338,51.75,100,75,5.75,IS,2022-07-19 04:58:17
18,Thompson,55.7435,-97.8558,66.36,72,40,2.3,CA,2022-07-19 04:58:18
19,Ahipara,-35.1667,173.1667,60.15,90,87,6.06,NZ,2022-07-19 04:58:18
20,Souillac,-20.5167,57.5167,70.18,68,75,19.57,MU,2022-07-19 04:58:19
21,Fortuna,40.5982,-124.1573,56.66,85,4,2.8,US,2022-07-19 04:58:19
22,Bato,13.3528,123.3677,84.09,79,65,4.99,PH,2022-07-19 04:58:20
23,Port Alfred,-33.5906,26.891,62.37,53,27,3.29,ZA,2022-07-19 04:58:20
24,Tautira,-17.7333,-149.15,76.24,72,18,2.71,PF,2022-07-19 04:58:21
25,Itarema,-2.9248,-39.9167,76.14,82,6,13.15,BR,2022-07-19 04:58:21
26,Hobart,-42.8794,147.3294,49.86,70,75,5.75,AU,2022-07-19 04:56:56
27,Greece,43.2098,-77.6931,72.36,94,20,4.0,US,2022-07-19 04:58:22
28,Batouri,4.4333,14.3667,66.31,99,99,3.02,CM,2022-07-19 04:58:22
29,Mataura,-46.1927,168.8643,45.48,90,100,4.25,NZ,2022-07-19 04:58:23
30,Isangel,-19.55,169.2667,79.3,75,74,9.01,VU,2022-07-19 04:58:23
31,Portland,45.5234,-122.6762,71.42,64,0,5.01,US,2022-07-19 04:57:14
32,Hokitika,-42.7167,170.9667,53.96,89,100,6.53,NZ,2022-07-19 04:58:24
33,Mantua,45.1667,10.7833,72.34,74,1,1.99,IT,2022-07-19 04:58:24
34,Broome,42.2506,-75.833,71.85,84,89,5.01,US,2022-07-19 04:58:25
35,Cape Town,-33.9258,18.4232,54.12,85,40,10.36,ZA,2022-07-19 04:58:25
36,Castro,-24.7911,-50.0119,55.36,99,95,2.42,BR,2022-07-19 04:58:26
37,Inverness,57.4791,-4.224,58.78,95,0,3.44,GB,2022-07-19 04:58:26
38,Puerto Leguizamo,-0.1934,-74.7819,69.82,98,73,1.21,CO,2022-07-19 04:58:27
39,Busselton,-33.65,115.3333,61.0,63,0,7.63,AU,2022-07-19 04:58:27
40,Luganville,-15.5333,167.1667,81.37,73,20,9.17,VU,2022-07-19 04:58:28
41,Codrington,-38.2667,141.9667,53.19,55,13,8.05,AU,2022-07-19 04:58:28
42,West Odessa,31.8424,-102.4988,90.81,29,1,17.05,US,2022-07-19 04:58:29
43,Jamestown,42.097,-79.2353,69.71,82,1,1.01,US,2022-07-19 04:58:29
44,Puerto Ayora,-0.7393,-90.3518,68.56,94,65,5.99,EC,2022-07-19 04:55:55
45,Boshnyakovo,49.6333,142.1667,61.14,82,92,3.18,RU,2022-07-19 04:58:30
46,Sakakah,29.9697,40.2064,89.17,14,0,3.18,SA,2022-07-19 04:58:31
47,Coquimbo,-29.9533,-71.3436,51.53,93,0,0.0,CL,2022-07-19 04:59:31
48,Port Augusta,-32.5,137.7667,59.81,34,4,6.55,AU,2022-07-19 04:59:32
49,Kathmandu,27.7167,85.3167,80.82,65,40,3.44,NP,2022-07-19 04:56:43
50,Coos Bay,43.3665,-124.2179,59.23,91,0,27.63,US,2022-07-19 04:54:44
51,Namibe,-15.1961,12.1522,62.91,89,0,7.52,AO,2022-07-19 04:59:33
52,Champerico,14.3,-91.9167,81.21,80,93,5.3,GT,2022-07-19 04:59:33
53,Provideniya,64.3833,-173.3,46.51,66,40,13.42,RU,2022-07-19 04:59:34
54,Kabare,-2.4683,28.8242,61.99,70,99,2.57,CD,2022-07-19 04:59:34
55,Berlevag,70.8578,29.0864,62.4,77,84,6.51,NO,2022-07-19 04:59:35
56,Teguise,29.0605,-13.564,68.22,83,0,20.71,ES,2022-07-19 04:59:35
57,Avarua,-21.2078,-159.775,73.45,73,75,3.44,CK,2022-07-19 04:59:36
58,Shimoda,34.6667,138.95,80.96,93,100,17.27,JP,2022-07-19 04:59:36
59,Saint George,37.1041,-113.5841,93.63,30,42,1.99,US,2022-07-19 04:59:36
60,Bredasdorp,-34.5322,20.0403,53.51,85,99,3.18,ZA,2022-07-19 04:59:37
61,Vaini,-21.2,-175.2,77.16,88,40,10.36,TO,2022-07-19 04:59:37
62,Samarai,-10.6167,150.6667,81.73,77,51,9.24,PG,2022-07-19 04:59:38
63,Olga,43.7444,135.2892,74.55,71,54,6.53,RU,2022-07-19 04:59:38
64,Severo-Kurilsk,50.6789,156.125,57.49,86,75,10.47,RU,2022-07-19 04:59:38
65,Ushuaia,-54.8,-68.3,31.66,93,20,6.91,AR,2022-07-19 04:59:39
66,Ilulissat,69.2167,-51.1,41.72,80,65,3.42,GL,2022-07-19 04:59:39
67,Palmer,42.1584,-72.3287,74.25,86,100,13.8,US,2022-07-19 04:59:40
68,Port Elizabeth,-33.918,25.5701,60.31,95,40,4.61,ZA,2022-07-19 04:59:22
69,La Asuncion,11.0333,-63.8628,87.53,70,35,12.66,VE,2022-07-19 04:59:41
70,Yulara,-25.2406,130.9889,73.47,17,0,7.34,AU,2022-07-19 04:59:41
71,Bluff,-46.6,168.3333,45.81,72,96,15.93,NZ,2022-07-19 04:59:42
72,Lompoc,34.6391,-120.4579,71.74,83,7,4.41,US,2022-07-19 04:59:42
73,Byron Bay,-28.65,153.6167,53.94,78,92,9.57,AU,2022-07-19 04:58:47
74,Mar Del Plata,-38.0023,-57.5575,40.87,88,0,6.91,AR,2022-07-19 04:56:43
75,Victor Harbor,-35.5667,138.6167,52.0,65,100,8.41,AU,2022-07-19 04:59:43
76,Lushoto,-4.7833,38.2833,54.3,94,56,4.09,TZ,2022-07-19 04:59:44
77,Pangai,-19.8,-174.35,75.31,94,75,20.71,TO,2022-07-19 04:59:44
78,Lebu,-37.6167,-73.65,43.45,82,85,3.76,CL,2022-07-19 04:59:44
79,Punta Arenas,-53.15,-70.9167,39.31,75,40,18.41,CL,2022-07-19 04:56:38
80,Erzincan,39.75,39.5,69.06,65,1,3.53,TR,2022-07-19 04:59:45
81,Novokizhinginsk,51.6115,109.5917,87.67,25,99,6.11,RU,2022-07-19 04:59:46
82,Kalmunai,7.4167,81.8167,89.02,59,54,11.27,LK,2022-07-19 04:59:47
83,Hermanus,-34.4187,19.2345,52.81,78,99,4.94,ZA,2022-07-19 04:59:47
84,Westport,41.1415,-73.3579,79.09,95,97,5.01,US,2022-07-19 04:57:41
85,Pasni,25.2631,63.471,83.86,87,86,11.56,PK,2022-07-19 04:59:48
86,Floro,61.5996,5.0328,55.36,76,0,12.66,NO,2022-07-19 04:59:48
87,Ribeira Grande,38.5167,-28.7,71.87,91,36,2.13,PT,2022-07-19 04:59:49
88,Copiapo,-27.3667,-70.3333,49.69,36,0,1.74,CL,2022-07-19 04:59:49
89,Kodiak,57.79,-152.4072,54.05,84,73,1.99,US,2022-07-19 04:59:49
90,Mehamn,71.0357,27.8492,56.41,84,94,1.79,NO,2022-07-19 04:59:50
91,Terrace,54.5163,-128.6035,55.45,100,100,2.73,CA,2022-07-19 05:00:50
92,Rocha,-34.4833,-54.3333,42.4,92,70,2.3,UY,2022-07-19 05:00:26
93,Longyearbyen,78.2186,15.6401,55.24,67,75,13.8,SJ,2022-07-19 05:00:51
94,Santana Do Livramento,-30.8908,-55.5328,46.53,87,72,4.81,BR,2022-07-19 05:00:52
95,Nikolskoye,59.7035,30.7861,63.88,67,61,5.37,RU,2022-07-19 05:00:52
96,Nanortalik,60.1432,-45.2371,47.48,80,89,10.47,GL,2022-07-19 05:00:53
97,Hilo,19.7297,-155.09,79.29,93,100,6.91,US,2022-07-19 04:58:48
98,Saint Anthony,45.0205,-93.218,82.92,70,0,5.75,US,2022-07-19 05:00:53
99,Mogadishu,2.0371,45.3438,76.46,77,79,19.44,SO,2022-07-19 05:00:54
100,Fengxian,34.7039,116.5872,83.37,72,100,3.89,CN,2022-07-19 05:00:55
101,Clyde River,70.4692,-68.5914,35.83,100,100,5.75,CA,2022-07-19 05:00:55
102,Nizwa,22.9333,57.5333,89.89,49,22,0.45,OM,2022-07-19 05:00:55
103,Cidreira,-30.1811,-50.2056,53.04,92,15,7.05,BR,2022-07-19 05:00:56
104,Hutchinson,38.0608,-97.9298,78.04,65,0,4.61,US,2022-07-19 05:00:57
105,Lunglei,22.8833,92.7333,79.88,69,99,4.47,IN,2022-07-19 05:00:57
106,Geraldton,-28.7667,114.6,66.61,55,0,6.91,AU,2022-07-19 05:00:58
107,Saint-Augustin,51.226,-58.6502,59.0,77,21,3.51,CA,2022-07-19 05:00:58
108,Mulege,26.8833,-111.9833,88.47,52,3,1.72,MX,2022-07-19 05:00:59
109,Chokurdakh,70.6333,147.9167,49.48,38,35,14.16,RU,2022-07-19 05:00:59
110,Sakaiminato,35.55,133.2333,76.93,94,100,9.46,JP,2022-07-19 05:01:00
111,Carnarvon,-24.8667,113.6333,73.62,37,0,9.71,AU,2022-07-19 05:01:00
112,Natal,-5.795,-35.2094,75.42,94,75,8.05,BR,2022-07-19 04:58:20
113,Noumea,-22.2763,166.4572,73.99,99,100,14.14,NC,2022-07-19 05:01:02
114,Laguna,38.421,-121.4238,86.02,33,0,8.05,US,2022-07-19 05:01:02
115,Iskateley,67.6803,53.1512,71.55,54,83,9.84,RU,2022-07-19 05:01:03
116,Saint-Philippe,-21.3585,55.7679,71.19,71,61,16.53,RE,2022-07-19 05:01:04
117,Youhao,47.8667,128.8333,81.59,49,81,6.55,CN,2022-07-19 05:01:04
118,Kununurra,-15.7667,128.7333,87.78,30,30,6.91,AU,2022-07-19 05:01:05
119,Padang,-0.9492,100.3543,87.85,58,37,5.53,ID,2022-07-19 05:01:05
120,Arlit,18.7369,7.3853,87.49,38,93,4.36,NE,2022-07-19 05:01:06
121,Atuona,-9.8,-139.0333,76.89,71,65,19.15,PF,2022-07-19 05:01:06
122,Alofi,-19.0595,-169.9187,76.87,73,46,26.26,NU,2022-07-19 05:01:07
123,Katsuura,35.1333,140.3,78.82,85,100,22.62,JP,2022-07-19 05:01:07
124,Faanui,-16.4833,-151.75,75.88,73,2,4.52,PF,2022-07-19 05:01:08
125,Qaanaaq,77.484,-69.3632,40.91,73,15,1.45,GL,2022-07-19 05:01:08
126,Dingle,10.9995,122.6711,83.91,76,100,2.55,PH,2022-07-19 05:01:09
127,Bandarbeyla,9.4942,50.8122,80.51,55,91,32.7,SO,2022-07-19 05:01:10
128,Mareeba,-17.0,145.4333,79.45,59,0,4.07,AU,2022-07-19 05:01:10
129,Tame,6.461,-71.73,71.4,83,99,1.61,CO,2022-07-19 05:01:11
130,Plettenberg Bay,-34.0527,23.3716,58.24,88,93,0.83,ZA,2022-07-19 05:01:11
131,Touros,-5.1989,-35.4608,74.44,89,90,11.81,BR,2022-07-19 05:01:12
132,Ixtapa,20.7,-105.2,76.17,90,99,3.51,MX,2022-07-19 05:01:12
133,Stephenville,32.2207,-98.2023,93.24,30,40,12.66,US,2022-07-19 04:57:19
134,Tomatlan,19.9333,-105.25,78.26,84,86,1.74,MX,2022-07-19 05:01:13
135,Algeciras,36.1333,-5.4505,71.28,83,20,4.61,ES,2022-07-19 05:02:13
136,Banikoara,11.2985,2.4386,71.62,89,100,4.74,BJ,2022-07-19 05:02:14
137,Constitucion,-35.3333,-72.4167,47.25,89,69,5.57,CL,2022-07-19 05:02:14
138,Rorvik,64.8621,11.2373,50.11,87,75,16.11,NO,2022-07-19 05:02:15
139,Meulaboh,4.1363,96.1285,83.98,64,91,3.87,ID,2022-07-19 05:02:15
140,Dikson,73.5069,80.5464,45.86,78,60,15.97,RU,2022-07-19 05:02:16
141,Uglich,57.5275,38.3317,54.36,87,93,8.79,RU,2022-07-19 05:02:17
142,Slave Lake,55.2834,-114.769,61.0,93,27,5.99,CA,2022-07-19 05:00:31
143,Mayo,38.8876,-76.5119,77.4,91,52,1.99,US,2022-07-19 04:57:27
144,Viedma,-40.8135,-62.9967,38.84,42,19,11.07,AR,2022-07-19 05:02:17
145,Itaituba,-4.2761,-55.9836,78.15,61,85,1.92,BR,2022-07-19 05:02:18
146,Watsa,3.0372,29.5355,63.45,99,100,1.5,CD,2022-07-19 05:02:19
147,Ponta Do Sol,32.6667,-17.1,69.71,79,0,5.73,PT,2022-07-19 05:02:19
148,Suleja,9.1758,7.1808,68.99,95,92,2.66,NG,2022-07-19 05:02:20
149,Tiksi,71.6872,128.8694,33.66,85,100,21.41,RU,2022-07-19 05:02:20
150,Cortez,37.3489,-108.5859,74.16,43,0,8.05,US,2022-07-19 05:02:21
151,Beloha,-25.1667,45.05,63.48,75,0,9.78,MG,2022-07-19 05:02:21
152,Bambous Virieux,-20.3428,57.7575,72.21,70,77,24.02,MU,2022-07-19 05:02:22
153,Dao,11.3937,122.6856,86.02,74,100,1.97,PH,2022-07-19 05:02:22
154,Elur,10.0667,76.2833,78.76,94,75,3.44,IN,2022-07-19 05:02:23
155,Talnakh,69.4865,88.3972,69.21,38,52,20.51,RU,2022-07-19 05:02:23
156,Yellowknife,62.456,-114.3525,64.81,56,95,5.95,CA,2022-07-19 05:00:31
157,Srednekolymsk,67.45,153.6833,58.33,45,99,9.95,RU,2022-07-19 05:02:24
158,Camana,-16.6228,-72.7111,60.33,87,100,7.4,PE,2022-07-19 05:02:24
159,Arraial Do Cabo,-22.9661,-42.0278,69.19,90,100,13.22,BR,2022-07-19 05:02:25
160,Maragogi,-9.0122,-35.2225,73.72,83,49,10.33,BR,2022-07-19 05:02:25
161,Iracoubo,5.4802,-53.2011,77.02,90,99,9.26,GF,2022-07-19 05:02:26
162,Usakos,-22.0,15.6,55.47,35,1,5.82,NA,2022-07-19 05:02:26
163,Hithadhoo,-0.6,73.0833,81.99,77,99,12.77,MV,2022-07-19 05:02:27
164,Oksfjord,70.2396,22.3479,51.87,99,100,4.07,NO,2022-07-19 05:02:27
165,Cherskiy,68.75,161.3,48.43,63,43,22.91,RU,2022-07-19 05:02:28
166,Udachnyy,66.4167,112.4,59.31,60,68,10.63,RU,2022-07-19 05:02:28
167,Kaitangata,-46.2817,169.8464,44.35,87,100,7.78,NZ,2022-07-19 05:02:28
168,Georgetown,5.4112,100.3354,87.73,74,20,0.0,MY,2022-07-19 05:02:29
169,Ukiah,39.1502,-123.2078,73.29,33,0,0.0,US,2022-07-19 05:02:29
170,Faya,18.3851,42.4509,75.24,23,82,10.09,SA,2022-07-19 05:02:30
171,Gat,31.61,34.7642,86.4,100,0,0.69,IL,2022-07-19 05:02:04
172,Togur,58.3631,82.8265,68.61,65,57,12.62,RU,2022-07-19 05:02:31
173,Farmington,36.7281,-108.2187,86.68,24,0,8.05,US,2022-07-19 05:02:32
174,Vila Velha,-20.3297,-40.2925,66.94,90,21,5.17,BR,2022-07-19 05:00:56
175,Kandrian,-6.2167,149.55,84.85,69,65,10.0,PG,2022-07-19 05:02:32
176,Butaritari,3.0707,172.7902,82.58,74,48,16.6,KI,2022-07-19 05:02:33
177,Gympie,-26.1898,152.665,65.17,48,67,5.12,AU,2022-07-19 05:02:33
178,Hasaki,35.7333,140.8333,84.29,81,100,17.09,JP,2022-07-19 05:02:34
179,Gedo,9.0167,37.45,52.47,96,99,1.61,ET,2022-07-19 05:02:34
180,Rio Gallegos,-51.6226,-69.2181,35.46,72,100,13.51,AR,2022-07-19 05:01:40
181,Norman Wells,65.282,-126.8329,56.03,95,100,14.18,CA,2022-07-19 05:03:20
182,Shibetsu,43.659,145.132,66.25,90,76,5.03,JP,2022-07-19 05:03:35
183,Lata,40.1629,-8.3327,61.79,88,64,1.54,PT,2022-07-19 05:03:36
184,Esperance,-33.8667,121.9,61.66,67,5,7.27,AU,2022-07-19 05:03:36
185,Bima,-8.4667,118.7167,88.7,47,47,5.79,ID,2022-07-19 05:03:37
186,Sovetskaya Gavan,48.9723,140.2878,59.13,93,100,2.98,RU,2022-07-19 05:03:37
187,Bakhtiyarpur,25.4667,85.5167,93.22,40,96,8.88,IN,2022-07-19 05:03:38
188,Morant Bay,17.8815,-76.4093,77.7,85,33,8.43,JM,2022-07-19 05:03:38
189,Caravelas,-17.7125,-39.2481,69.37,89,20,4.92,BR,2022-07-19 05:03:38
190,Fairbanks,64.8378,-147.7164,61.61,75,89,1.99,US,2022-07-19 05:01:14
191,Airai,-8.9266,125.4092,71.28,41,60,3.38,TL,2022-07-19 05:03:39
192,Bavly,54.393,53.2602,73.58,74,33,13.04,RU,2022-07-19 05:03:40
193,Namatanai,-3.6667,152.4333,84.76,64,83,8.57,PG,2022-07-19 05:03:40
194,Moose Factory,51.2585,-80.6094,60.78,94,100,6.91,CA,2022-07-19 05:03:41
195,Aguas Belas,-9.1114,-37.1231,63.14,97,28,3.49,BR,2022-07-19 04:58:47
196,Korla,41.7597,86.1469,90.88,15,75,13.44,CN,2022-07-19 05:00:31
197,Paamiut,61.994,-49.6678,44.6,78,100,0.89,GL,2022-07-19 05:03:41
198,Grand Gaube,-20.0064,57.6608,72.37,60,47,14.0,MU,2022-07-19 05:03:42
199,Aketi,2.7388,23.7833,69.26,99,100,0.67,CD,2022-07-19 05:03:42
200,Palamos,41.8484,3.1291,76.37,94,0,1.99,ES,2022-07-19 05:03:43
201,Pullman,46.7313,-117.1796,62.56,66,0,4.61,US,2022-07-19 05:03:43
202,Port Lincoln,-34.7333,135.8667,54.05,59,100,14.36,AU,2022-07-19 05:02:39
203,Ayan,56.45,138.1667,57.58,96,92,10.07,RU,2022-07-19 05:03:44
204,Pisco,-13.7,-76.2167,57.25,82,20,3.44,PE,2022-07-19 05:03:44
205,Acapulco,16.8634,-99.8901,79.68,83,78,3.62,MX,2022-07-19 05:02:01
206,Boyolangu,-8.1181,111.8935,82.63,67,69,9.84,ID,2022-07-19 05:03:45
207,Puerto Del Rosario,28.5004,-13.8627,71.35,83,40,10.36,ES,2022-07-19 05:03:45
208,Vestmannaeyjar,63.4427,-20.2734,50.22,91,100,6.29,IS,2022-07-19 05:03:15
209,North Bend,43.4065,-124.2243,59.16,94,0,9.22,US,2022-07-19 05:03:45
210,Progreso,21.2833,-89.6667,81.1,80,1,10.07,MX,2022-07-19 05:03:46
211,Lavrentiya,65.5833,-171.0,40.24,69,77,17.9,RU,2022-07-19 05:03:46
212,Yumaguzino,52.9041,56.3933,79.05,62,39,13.0,RU,2022-07-19 05:03:47
213,Muros,42.7762,-9.0603,66.09,88,7,8.63,ES,2022-07-19 05:03:47
214,Shitanjing,39.2342,106.3439,66.76,58,98,10.94,CN,2022-07-19 05:03:48
215,Khatanga,71.9667,102.5,47.21,72,100,15.97,RU,2022-07-19 05:03:48
216,Saint-Joseph,-21.3667,55.6167,70.18,68,29,16.8,RE,2022-07-19 05:03:49
217,Tanout,14.9709,8.8879,78.55,69,21,15.3,NE,2022-07-19 05:03:49
218,Cabo San Lucas,22.8909,-109.9124,84.51,78,0,1.99,MX,2022-07-19 05:03:49
219,Northam,51.0333,-4.2167,70.25,53,61,12.64,GB,2022-07-19 05:03:50
220,Poronaysk,49.2167,143.1167,60.94,87,92,4.61,RU,2022-07-19 05:03:50
221,Bengkulu,-3.8004,102.2655,84.49,67,38,5.46,ID,2022-07-19 05:03:51
222,Xuanhua,40.6103,115.0447,86.09,22,100,3.8,CN,2022-07-19 05:03:51
223,Znamenskoye,57.1281,73.8282,70.56,49,77,9.22,RU,2022-07-19 05:03:52
224,Novoorsk,51.381,58.9813,87.84,33,8,14.74,RU,2022-07-19 05:03:52
225,Ostrovnoy,68.0531,39.5131,60.53,68,78,4.36,RU,2022-07-19 05:04:52
226,Boldumsaz,42.1282,59.671,96.75,17,0,14.45,TM,2022-07-19 05:04:53
227,Namie,37.4833,141.0,80.55,90,100,3.0,JP,2022-07-19 05:04:53
228,Ranong,9.9658,98.6348,84.78,73,58,9.73,TH,2022-07-19 05:04:54
229,Udankudi,8.4333,78.0167,91.58,53,96,2.53,IN,2022-07-19 05:04:54
230,Katherine,-14.4667,132.2667,88.12,29,58,10.36,AU,2022-07-19 05:04:55
231,Takahata,38.0025,140.1911,78.12,99,100,2.8,JP,2022-07-19 05:04:55
232,Saldanha,-33.0117,17.9442,55.04,74,0,12.26,ZA,2022-07-19 05:04:55
233,Cabo Rojo,18.0866,-67.1457,79.68,86,3,7.4,PR,2022-07-19 05:04:56
234,Kumbo,6.2,10.6667,56.25,96,99,2.93,CM,2022-07-19 05:04:56
235,Monetnyy,57.0472,60.8794,74.62,64,59,9.06,RU,2022-07-19 05:04:57
236,Bafoulabe,13.8065,-10.8321,80.31,77,83,5.28,ML,2022-07-19 05:04:57
237,Bairiki,1.3292,172.9752,84.2,74,20,13.8,KI,2022-07-19 05:04:58
238,Svetlogorsk,52.6333,29.7333,57.02,95,100,6.04,BY,2022-07-19 05:04:58
239,Aklavik,68.2191,-135.0107,57.47,94,100,4.14,CA,2022-07-19 05:03:56
240,Kadaya,50.9327,119.2911,80.56,47,5,0.6,RU,2022-07-19 05:04:58
241,College,64.8569,-147.8028,61.59,75,75,10.36,US,2022-07-19 05:04:59
242,Kruisfontein,-34.0033,24.7314,54.88,91,49,4.21,ZA,2022-07-19 05:04:59
243,Praia Da Vitoria,38.7333,-27.0667,70.75,91,52,7.72,PT,2022-07-19 05:05:00
244,Pabrade,55.0,25.7833,60.26,95,76,5.53,LT,2022-07-19 05:05:00
245,San Julian,21.0167,-102.1667,54.95,90,96,7.38,MX,2022-07-19 05:05:00
246,Key West,24.5557,-81.7826,89.6,36,40,14.97,US,2022-07-19 05:05:01
247,Shamary,57.3434,58.2199,74.25,61,100,10.8,RU,2022-07-19 05:05:01
248,Anadyr,64.75,177.4833,57.7,50,0,17.9,RU,2022-07-19 05:05:02
249,Oeiras Do Para,-2.0031,-49.8544,72.63,98,88,2.95,BR,2022-07-19 05:05:02
250,Liberty,31.8335,-81.5004,79.99,93,0,5.99,US,2022-07-19 05:05:03
251,Bethel,41.3712,-73.414,74.48,92,75,6.91,US,2022-07-19 05:05:03
252,Victoria,22.2855,114.1577,91.18,82,100,8.99,HK,2022-07-19 05:02:29
253,Honiara,-9.4333,159.95,83.75,70,40,4.25,SB,2022-07-19 05:05:04
254,Hamilton,39.1834,-84.5333,72.93,94,0,0.0,US,2022-07-19 05:05:05
255,La Ronge,55.1001,-105.2842,64.69,55,51,5.61,CA,2022-07-19 05:05:05
256,Upernavik,72.7868,-56.1549,43.32,78,100,7.25,GL,2022-07-19 05:05:06
257,Lampazos De Naranjo,27.0167,-100.5167,84.97,50,4,12.93,MX,2022-07-19 05:05:06
258,Hami,42.8,93.45,92.28,15,99,4.43,CN,2022-07-19 05:05:06
259,Abu Kamal,34.4506,40.9171,93.99,22,2,9.8,SY,2022-07-19 05:05:07
260,Kiruna,67.8557,20.2251,47.32,93,75,5.75,SE,2022-07-19 05:05:07
261,Sao Raimundo Das Mangabeiras,-7.0219,-45.4811,69.75,49,3,1.77,BR,2022-07-19 05:05:08
262,Jimenez,28.3333,-105.4,86.0,24,43,5.55,MX,2022-07-19 05:05:08
263,Aguimes,27.9054,-15.4461,68.67,78,20,29.93,ES,2022-07-19 05:05:09
264,Clovis,36.8252,-119.7029,93.09,35,40,8.05,US,2022-07-19 05:03:40
265,Santa Rosa,14.3122,121.1114,91.09,67,44,8.12,PH,2022-07-19 05:02:38
266,Ancud,-41.8697,-73.8203,42.22,81,24,11.65,CL,2022-07-19 05:03:35
267,Bridlington,54.0831,-0.1919,72.52,49,44,9.78,GB,2022-07-19 05:05:10
268,Shieli,44.1667,66.75,95.7,20,0,14.94,KZ,2022-07-19 05:06:11
269,Kopychyntsi,49.1044,25.9103,63.32,55,97,4.54,UA,2022-07-19 05:06:11
270,Nuuk,64.1835,-51.7216,47.01,87,100,6.91,GL,2022-07-19 05:06:11
271,Comodoro Rivadavia,-45.8667,-67.5,44.46,49,0,32.21,AR,2022-07-19 05:06:12
272,Cururupu,-1.8283,-44.8683,72.37,97,70,3.69,BR,2022-07-19 05:06:12
273,Tunceli,39.1083,39.5471,76.06,51,0,2.53,TR,2022-07-19 05:06:13
274,Linfen,36.0889,111.5189,71.19,68,100,10.16,CN,2022-07-19 05:06:13
275,San Pedro,14.35,121.0167,90.63,67,20,9.22,PH,2022-07-19 05:06:14
276,Yar-Sale,66.8333,70.8333,69.13,39,74,11.74,RU,2022-07-19 05:06:14
277,Amapa,1.0,-52.0,70.12,99,87,0.87,BR,2022-07-19 05:06:15
278,San Carlos De Bariloche,-41.1456,-71.3082,18.45,77,7,4.7,AR,2022-07-19 05:06:15
279,Leningradskiy,69.3833,178.4167,34.32,99,100,12.46,RU,2022-07-19 05:06:15
280,Biscarrosse,44.3945,-1.1672,71.55,78,100,8.05,FR,2022-07-19 05:06:16
281,Broken Hill,-31.95,141.4333,52.79,39,6,11.01,AU,2022-07-19 05:06:16
282,Zhigansk,66.7697,123.3711,51.64,77,97,17.43,RU,2022-07-19 05:05:14
283,Egvekinot,66.3167,-179.1667,46.06,66,100,8.3,RU,2022-07-19 05:06:17
284,Ust-Kuyga,70.0167,135.6,44.2,83,100,15.3,RU,2022-07-19 05:06:17
285,Caxito,-8.5785,13.6643,70.21,88,97,0.63,AO,2022-07-19 05:06:18
286,Rio Grande,-32.035,-52.0986,48.47,83,0,6.15,BR,2022-07-19 05:06:18
287,Prainha,-1.8,-53.48,74.88,87,99,2.82,BR,2022-07-19 05:06:18
288,Brae,60.3964,-1.353,57.09,91,100,14.34,GB,2022-07-19 05:06:19
289,Olavarria,-36.8927,-60.3225,38.01,68,39,4.34,AR,2022-07-19 05:06:19
290,Alice Springs,-23.7,133.8833,74.75,19,0,8.05,AU,2022-07-19 05:06:20
291,Nueve De Julio,-35.4444,-60.8831,39.69,54,7,4.99,AR,2022-07-19 05:06:20
292,Tuatapere,-46.1333,167.6833,44.31,86,99,8.1,NZ,2022-07-19 05:06:21
293,Malakal,9.5334,31.6605,70.66,92,100,3.09,SS,2022-07-19 05:06:21
294,Chara,56.9064,118.2631,67.59,66,90,3.4,RU,2022-07-19 05:06:21
295,Pangnirtung,66.1451,-65.7125,46.49,80,100,1.25,CA,2022-07-19 05:06:22
296,Thongwa,16.7619,96.5278,86.16,63,83,6.76,MM,2022-07-19 05:06:22
297,Calvinia,-31.4707,19.776,49.68,71,99,3.38,ZA,2022-07-19 05:06:23
298,Dwarka,22.2394,68.9678,83.23,81,83,14.12,IN,2022-07-19 05:06:23
299,Ust-Ilimsk,58.0006,102.6619,71.62,41,100,5.39,RU,2022-07-19 05:06:23
300,Tessalit,20.1986,1.0114,83.84,49,43,10.63,ML,2022-07-19 05:06:24
301,Chimbote,-9.0853,-78.5783,61.32,87,100,9.57,PE,2022-07-19 05:06:24
302,Townsville,-19.25,146.8,74.28,57,20,16.11,AU,2022-07-19 05:06:25
303,Panjab,34.388,67.0233,73.87,18,0,4.5,AF,2022-07-19 05:06:25
304,Nsukka,6.8561,7.3927,65.48,98,71,3.69,NG,2022-07-19 05:06:26
305,Port Hardy,50.6996,-127.4199,56.16,94,100,0.89,CA,2022-07-19 05:06:26
306,Kuopio,62.8924,27.677,58.95,77,0,4.61,FI,2022-07-19 05:06:26
307,Palu,-0.8917,119.8707,88.25,58,99,2.3,ID,2022-07-19 05:06:27
308,Lyantonde,-0.4031,31.1572,68.68,49,100,4.59,UG,2022-07-19 05:06:27
309,Sibolga,1.7427,98.7792,86.18,64,91,5.57,ID,2022-07-19 05:06:28
310,Kismayo,-0.3582,42.5454,76.93,71,95,18.43,SO,2022-07-19 05:03:49
311,Hofn,64.2539,-15.2082,49.71,90,100,12.48,IS,2022-07-19 05:06:28
312,Baijiantan,45.6333,85.1833,87.62,18,100,18.21,CN,2022-07-19 05:06:29
313,Maniitsoq,65.4167,-52.9,44.17,89,99,2.57,GL,2022-07-19 05:06:29
314,Jumla,29.2747,82.1838,74.8,67,78,4.68,NP,2022-07-19 05:06:30
315,Rwamagana,-1.9487,30.4347,63.84,53,98,2.86,RW,2022-07-19 05:07:30
316,Mount Gambier,-37.8333,140.7667,53.15,53,28,6.33,AU,2022-07-19 05:07:30
317,Waingapu,-9.6567,120.2641,83.5,54,70,15.93,ID,2022-07-19 05:07:31
318,Lasa,46.6166,10.7002,64.36,80,12,0.83,IT,2022-07-19 05:07:31
319,Mombetsu,44.3525,143.3525,66.96,80,49,10.78,JP,2022-07-19 05:07:32
320,Awjilah,29.1081,21.2869,76.6,47,0,9.26,LY,2022-07-19 05:07:32
321,Ust-Nera,64.5667,143.2,76.3,61,100,14.85,RU,2022-07-19 05:03:54
322,Kyra,49.5776,111.9753,80.64,44,68,9.82,RU,2022-07-19 05:07:33
323,Laramie,41.3114,-105.5911,73.96,42,0,9.22,US,2022-07-19 05:07:18
324,Adrar,20.5022,-10.0711,89.08,37,47,11.88,MR,2022-07-19 05:07:33
325,Barreirinha,-2.7933,-57.07,76.28,73,99,2.37,BR,2022-07-19 05:07:34
326,Blagoyevo,63.3667,47.9167,64.62,71,100,5.75,RU,2022-07-19 05:07:34
327,Zwedru,6.0667,-8.1281,66.36,99,87,2.24,LR,2022-07-19 05:07:34
328,Clarence Town,-32.5833,151.7833,56.14,94,100,3.42,AU,2022-07-19 05:07:35
329,Taoudenni,22.6783,-3.9836,91.26,10,4,6.44,ML,2022-07-19 05:07:35
330,Sloboda,51.1421,40.3021,62.55,65,0,9.75,RU,2022-07-19 05:07:36
331,Kuala Terengganu,5.3302,103.1408,84.13,73,99,0.4,MY,2022-07-19 05:07:36
332,Antalaha,-14.9003,50.2788,67.59,88,48,6.78,MG,2022-07-19 05:07:36
333,Tiznit,29.5833,-9.5,80.15,41,8,1.7,MA,2022-07-19 05:07:37
334,Castlebar,53.85,-9.3,59.59,96,100,5.21,IE,2022-07-19 05:07:37
335,San Patricio,28.017,-97.5169,84.88,80,7,12.53,US,2022-07-19 05:07:38
336,Tasiilaq,65.6145,-37.6368,33.96,87,8,2.57,GL,2022-07-19 05:07:38
337,The Valley,18.217,-63.0578,81.82,77,1,19.82,AI,2022-07-19 05:07:39
338,Pimentel,-6.8367,-79.9342,61.75,90,93,11.83,PE,2022-07-19 05:07:39
339,Thinadhoo,0.5333,72.9333,81.63,78,68,11.34,MV,2022-07-19 05:07:40
340,San Angelo,31.4638,-100.437,90.95,33,0,11.99,US,2022-07-19 05:06:19
341,Sandpoint,48.2766,-116.5533,64.45,74,75,1.01,US,2022-07-19 05:07:41
342,Puri,19.8,85.85,88.32,71,99,14.83,IN,2022-07-19 05:07:41
343,Lagoa,39.05,-27.9833,68.23,89,100,11.56,PT,2022-07-19 05:07:42
344,Narsaq,60.9167,-46.05,46.62,73,51,1.25,GL,2022-07-19 05:07:42
345,Mao,39.8885,4.2658,75.76,94,20,4.61,ES,2022-07-19 05:07:42
346,Sao Jose Da Coroa Grande,-8.8978,-35.1478,74.08,83,60,10.96,BR,2022-07-19 05:07:43
347,Oranjemund,-28.55,16.4333,52.88,95,9,4.23,NA,2022-07-19 05:07:43
348,Angoram,-4.0625,144.0661,82.85,83,51,2.42,PG,2022-07-19 05:07:44
349,Jaroslaw,50.0162,22.6778,60.8,57,62,4.54,PL,2022-07-19 05:07:44
350,Dicabisagan,17.0818,122.4157,87.8,69,14,9.04,PH,2022-07-19 05:07:44
351,Launceston,-41.45,147.1667,53.15,59,8,11.5,AU,2022-07-19 05:05:25
352,Tazovskiy,67.4667,78.7,62.02,50,19,14.63,RU,2022-07-19 05:07:45
353,Shegaon,20.7833,76.6833,73.58,91,100,11.72,IN,2022-07-19 05:07:45
354,Ikorodu,6.6191,3.5041,75.27,80,84,7.83,NG,2022-07-19 05:07:46
355,Klaksvik,62.2266,-6.589,52.72,94,96,19.6,FO,2022-07-19 05:07:46
356,Datong,40.0936,113.2914,81.16,23,100,5.35,CN,2022-07-19 05:07:47
357,Kroya,-7.6331,109.2461,83.46,69,41,10.36,ID,2022-07-19 05:07:47
358,Wadi Musa,30.3222,35.4793,76.73,35,0,1.34,JO,2022-07-19 05:07:48
359,San Francisco,37.7749,-122.4194,69.82,86,20,14.97,US,2022-07-19 05:06:29
360,Kutum,14.2,24.6667,76.19,57,73,4.65,SD,2022-07-19 05:08:48
361,Manzanillo,20.3433,-77.1167,76.57,87,1,10.29,CU,2022-07-19 05:08:49
362,Staraya Sunzha,43.3372,45.7422,77.56,57,75,6.71,RU,2022-07-19 05:08:49
363,Marsa Matruh,31.3525,27.2453,78.51,68,0,15.14,EG,2022-07-19 05:08:49
364,Gladstone,-23.85,151.25,75.13,38,1,12.66,AU,2022-07-19 05:08:50
365,Bonoua,5.2741,-3.595,76.62,86,94,6.85,CI,2022-07-19 05:08:50
366,Young,-32.6833,-57.6333,44.13,87,12,2.73,UY,2022-07-19 05:08:51
367,Atambua,-9.1061,124.8925,80.64,44,78,2.15,ID,2022-07-19 05:08:52
368,Plyussa,58.4308,29.3654,59.59,67,30,3.87,RU,2022-07-19 05:08:53
369,Alizai,33.5383,70.3462,88.7,48,0,4.74,PK,2022-07-19 05:08:53
370,Abonnema,4.7084,6.7931,72.63,84,90,4.88,NG,2022-07-19 05:08:54
371,Vila Franca Do Campo,37.7167,-25.4333,73.2,94,68,3.69,PT,2022-07-19 05:08:54
372,Mildura,-34.2,142.15,53.08,56,5,9.89,AU,2022-07-19 05:08:54
373,Aginskoye,51.1,114.53,83.8,40,2,7.56,RU,2022-07-19 05:08:55
374,Pevek,69.7008,170.3133,34.63,90,88,2.01,RU,2022-07-19 05:08:55
375,Owando,-0.4819,15.8999,71.17,93,100,2.35,CG,2022-07-19 05:08:56
376,Kieta,-6.2167,155.6333,84.13,69,84,5.55,PG,2022-07-19 05:08:56
377,Necochea,-38.5473,-58.7368,40.24,73,100,8.21,AR,2022-07-19 05:08:56
378,Yenangyaung,20.4667,94.8833,96.24,43,93,10.11,MM,2022-07-19 05:08:57
379,Sitka,57.0531,-135.33,55.29,88,100,6.91,US,2022-07-19 05:08:57
380,San Quintin,30.4833,-115.95,68.85,81,0,8.43,MX,2022-07-19 05:08:58
381,Helmsdale,58.1168,-3.6517,60.75,85,100,3.36,GB,2022-07-19 05:08:58
382,Half Moon Bay,37.4636,-122.4286,71.02,87,0,14.97,US,2022-07-19 05:08:59
383,Sorland,67.667,12.6934,53.29,85,79,11.95,NO,2022-07-19 05:08:59
384,Fershampenuaz,53.5202,59.8117,73.2,70,96,12.21,RU,2022-07-19 05:08:59
385,Neryungri,56.6709,124.6491,63.55,88,100,2.04,RU,2022-07-19 05:09:00
386,Porto Torres,40.835,8.3972,69.98,59,0,4.47,IT,2022-07-19 05:09:00
387,Phan Thiet,10.9333,108.1,90.66,58,93,15.1,VN,2022-07-19 05:09:01
388,Coelho Neto,-4.2567,-43.0128,72.36,93,64,0.67,BR,2022-07-19 05:09:01
389,Siocon,7.7061,122.1353,83.16,73,100,4.03,PH,2022-07-19 05:09:01
390,Xixiang,35.1628,112.865,72.59,73,100,8.7,CN,2022-07-19 05:05:11
391,Kathu,7.9178,98.3332,87.69,97,100,14.09,TH,2022-07-19 05:09:02
392,Dutlwe,-23.9833,23.9,48.43,72,0,8.39,BW,2022-07-19 05:09:02
393,Beringovskiy,63.05,179.3167,56.12,53,63,18.48,RU,2022-07-19 05:09:03
394,Sechura,-5.5569,-80.8222,62.64,84,86,11.03,PE,2022-07-19 05:09:03
395,Shelburne,44.0787,-80.2041,65.59,74,0,9.75,CA,2022-07-19 05:09:04
396,Bukachacha,52.9833,116.9167,84.29,29,1,6.24,RU,2022-07-19 05:09:04
397,Coihaique,-45.5752,-72.0662,42.75,61,0,5.75,CL,2022-07-19 05:09:04
398,Vostok,46.4856,135.8833,71.38,73,97,3.15,RU,2022-07-19 05:09:05
399,Nelson Bay,-32.7167,152.15,56.1,96,99,4.0,AU,2022-07-19 05:09:05
400,Abeche,13.8292,20.8324,78.12,72,86,3.13,TD,2022-07-19 05:09:06
401,Salou,41.0766,1.1416,75.96,78,0,4.61,ES,2022-07-19 05:09:06
402,Cabedelo,-6.9811,-34.8339,72.27,86,41,13.69,BR,2022-07-19 05:06:34
403,Tayoltita,24.0833,-105.9333,69.4,95,89,3.24,MX,2022-07-19 05:09:07
404,Hualmay,-11.0964,-77.6139,61.12,87,96,8.7,PE,2022-07-19 05:09:07
405,Sao Joao Da Barra,-21.6403,-41.0511,69.85,90,42,8.39,BR,2022-07-19 05:10:08
406,Karatau,43.1667,70.4667,89.6,23,0,13.87,KZ,2022-07-19 05:10:08
407,Saint-Denis,48.9167,2.3333,77.77,44,0,10.36,FR,2022-07-19 05:10:09
408,Aykhal,66.0,111.5,58.82,59,39,8.03,RU,2022-07-19 05:10:09
409,Buraydah,26.326,43.975,96.39,9,24,6.08,SA,2022-07-19 05:10:10
410,Kemijarvi,66.7131,27.4306,52.66,85,100,2.44,FI,2022-07-19 05:10:10
411,Crixas,-14.5489,-49.9692,67.73,39,0,6.38,BR,2022-07-19 05:10:10
412,Kalabo,-14.97,22.6814,44.73,82,0,4.27,ZM,2022-07-19 05:10:11
413,Komatipoort,-25.4332,31.9548,54.05,75,0,2.95,ZA,2022-07-19 05:10:11
414,Kasane,-17.8167,25.15,47.64,77,1,3.91,BW,2022-07-19 05:10:12
415,Camacha,33.0833,-16.3333,65.62,77,40,8.05,PT,2022-07-19 05:10:12
416,Pacific Grove,36.6177,-121.9166,63.34,86,0,3.44,US,2022-07-19 05:10:13
417,Redmond,47.674,-122.1215,65.44,76,0,3.38,US,2022-07-19 05:09:56
418,Saint-Ambroise,48.5501,-71.3324,69.58,92,100,1.01,CA,2022-07-19 05:10:13
419,Matay,28.419,30.7792,83.41,39,3,10.71,EG,2022-07-19 05:10:14
420,Baykit,61.67,96.37,59.94,89,99,4.23,RU,2022-07-19 05:10:14
421,Qasigiannguit,68.8193,-51.1922,46.65,82,97,1.92,GL,2022-07-19 05:10:14
422,Puga,21.5833,-104.8167,69.58,97,53,1.57,MX,2022-07-19 05:10:15
423,Okhotsk,59.3833,143.3,62.1,82,86,9.98,RU,2022-07-19 05:05:18
424,Salamiyah,35.0113,37.0532,81.34,41,0,5.39,SY,2022-07-19 05:10:16
425,Trinidad,-14.8333,-64.9,70.45,74,25,2.51,BO,2022-07-19 05:10:16
426,Pfarrkirchen,48.432,12.9381,68.4,76,14,3.89,DE,2022-07-19 05:10:17
427,Las Matas De Farfan,18.8731,-71.5166,71.69,89,27,3.56,DO,2022-07-19 05:10:17
428,Kisangani,0.5167,25.2,69.15,99,100,2.17,CD,2022-07-19 05:10:17
429,Kavaratti,10.5669,72.642,80.56,80,100,20.71,IN,2022-07-19 05:10:18
430,Bonavista,48.6499,-53.1147,59.65,91,56,15.43,CA,2022-07-19 05:10:18
431,Pillaro,-1.1667,-78.5333,48.15,97,100,4.94,EC,2022-07-19 05:10:19
432,Lowestoft,52.4752,1.7516,69.42,85,58,8.3,GB,2022-07-19 05:10:19
433,Borba,-4.3878,-59.5939,77.56,70,78,1.77,BR,2022-07-19 05:10:19
434,Channel-Port Aux Basques,47.5702,-59.1367,62.62,96,100,4.68,CA,2022-07-19 05:10:20
435,Kaeo,-35.1,173.7833,60.33,95,94,6.58,NZ,2022-07-19 05:10:20
436,Elko,41.0002,-115.5012,77.02,43,76,1.01,US,2022-07-19 05:10:21
437,Muroto,33.2833,134.15,80.71,89,100,21.79,JP,2022-07-19 05:10:21
438,Yanam,16.7333,82.2167,91.18,55,72,7.16,IN,2022-07-19 05:10:21
439,Hirara,24.8,125.2833,84.83,86,100,18.34,JP,2022-07-19 05:10:22
440,Himeji,34.8167,134.7,79.61,92,100,5.48,JP,2022-07-19 05:10:22
441,Umba,66.6871,34.3429,59.09,72,76,4.29,RU,2022-07-19 05:10:23
442,Middelburg,-25.7751,29.4648,45.45,73,0,2.91,ZA,2022-07-19 05:10:23
443,Vilyuysk,63.7553,121.6247,63.75,94,100,10.18,RU,2022-07-19 05:10:23
444,Pierre,44.3683,-100.351,90.52,48,0,18.41,US,2022-07-19 05:05:56
445,Mumford,5.2618,-0.759,73.89,86,52,10.11,GH,2022-07-19 05:10:24
446,Alugan,12.2188,125.4808,85.17,68,92,7.2,PH,2022-07-19 05:10:25
447,Denpasar,-8.65,115.2167,83.86,74,20,12.66,ID,2022-07-19 05:10:18
448,Jishou,28.3167,109.7167,79.65,93,100,2.71,CN,2022-07-19 05:10:25
449,Kovdor,67.5662,30.4758,54.68,90,95,2.21,RU,2022-07-19 05:10:26
450,Rakai,-0.72,31.4839,65.14,55,100,3.94,UG,2022-07-19 05:10:26
451,Bari Sadri,24.4167,74.4667,84.18,71,67,5.59,IN,2022-07-19 05:10:27
452,Jacarezinho,-23.1606,-49.9694,61.27,89,21,4.29,BR,2022-07-19 05:07:47
453,Pontes E Lacerda,-15.2261,-59.3353,66.96,56,13,2.84,BR,2022-07-19 05:08:41
454,Sobolevo,54.4299,31.8996,54.72,90,91,5.14,RU,2022-07-19 05:11:28
455,Antofagasta,-23.65,-70.4,54.68,78,18,4.72,CL,2022-07-19 05:11:28
456,Pata,17.7152,121.5018,89.83,65,32,9.51,PH,2022-07-19 05:11:28
457,Prokhorovka,51.0374,36.7325,58.57,70,5,8.48,RU,2022-07-19 05:11:29
458,Pompeu,-19.2244,-44.9353,56.89,72,25,2.8,BR,2022-07-19 05:09:36
459,Limbang,4.75,115.0,89.71,42,97,1.61,MY,2022-07-19 05:11:30
460,Chapais,49.7834,-74.8492,65.01,83,92,6.06,CA,2022-07-19 05:11:30
461,Guymon,36.6828,-101.4816,84.2,23,0,10.36,US,2022-07-19 05:11:31
462,Henties Bay,-22.116,14.2845,55.53,95,22,5.23,NA,2022-07-19 05:11:31
463,Pinawa,50.1489,-95.8811,68.38,82,61,5.08,CA,2022-07-19 05:11:32
464,Borovsk,55.2064,36.4861,53.92,87,43,7.14,RU,2022-07-19 05:11:32
465,Stornoway,58.2093,-6.3865,56.93,97,20,1.14,GB,2022-07-19 05:11:32
466,Along,28.1667,94.7667,76.82,99,100,0.72,IN,2022-07-19 05:11:33
467,Todos Santos,23.45,-110.2167,81.05,80,39,2.06,MX,2022-07-19 05:11:33
468,Bathsheba,13.2167,-59.5167,81.21,88,40,19.57,BB,2022-07-19 05:11:34
469,Bubaque,11.2833,-15.8333,78.66,86,100,15.5,GW,2022-07-19 05:11:34
470,Basoko,1.2391,23.616,70.14,96,100,2.15,CD,2022-07-19 05:11:35
471,Inhambane,-23.865,35.3833,68.92,89,9,4.12,MZ,2022-07-19 05:11:35
472,Kudahuvadhoo,2.6708,72.8944,81.82,77,100,17.4,MV,2022-07-19 05:11:35
473,Qui Nhon,13.7667,109.2333,87.84,62,100,5.97,VN,2022-07-19 05:11:36
474,Montecristi,-1.05,-80.6667,66.52,90,99,8.55,EC,2022-07-19 05:11:36
475,Warri,5.5167,5.75,72.05,87,94,2.89,NG,2022-07-19 05:11:37
476,Blyth,55.1271,-1.5086,70.34,67,0,1.14,GB,2022-07-19 05:11:37
477,Nuevitas,21.5453,-77.2644,79.77,85,3,12.28,CU,2022-07-19 05:11:38
478,Tambura,5.6,27.4667,67.35,98,100,5.61,SS,2022-07-19 05:11:38
479,Giddalur,15.35,78.9167,86.22,58,65,12.73,IN,2022-07-19 05:11:38
480,Kodino,63.7198,39.6447,62.19,64,100,5.68,RU,2022-07-19 05:11:39
481,Batemans Bay,-35.7167,150.1833,55.09,70,94,10.4,AU,2022-07-19 05:11:39
482,Doctor Arroyo,23.6667,-100.1833,65.03,80,28,7.83,MX,2022-07-19 05:11:40
483,Jocoro,13.6167,-88.0167,78.26,74,100,2.17,SV,2022-07-19 05:11:40
484,Evensk,61.95,159.2333,51.37,95,100,8.63,RU,2022-07-19 05:11:40
485,Puerto Madryn,-42.7692,-65.0385,42.17,46,0,15.48,AR,2022-07-19 05:10:51
486,Playas,-2.6333,-80.3833,67.75,85,88,9.35,EC,2022-07-19 05:11:41
487,Tolaga Bay,-38.3667,178.3,57.45,80,100,10.0,NZ,2022-07-19 05:11:42
488,Chuy,-33.6971,-53.4616,45.99,91,91,5.59,UY,2022-07-19 05:11:42
489,Hailar,49.2,119.7,82.06,43,65,9.31,CN,2022-07-19 05:11:43
490,Odweyne,9.4092,45.064,70.83,60,99,26.24,SO,2022-07-19 05:11:43
491,Rawson,-43.3002,-65.1023,39.83,51,0,11.74,AR,2022-07-19 05:11:44
492,Madinat Sittah Uktubar,29.8167,31.05,80.2,47,4,10.07,EG,2022-07-19 05:11:44
493,Hareid,62.3714,6.0263,59.11,75,87,1.01,NO,2022-07-19 05:11:44
494,Solnechnyy,50.7214,136.6319,56.97,98,100,3.18,RU,2022-07-19 05:12:45
495,Grahamstown,-33.3042,26.5328,54.09,45,35,6.24,ZA,2022-07-19 05:12:45
496,Mariental,-24.6333,17.9667,50.4,37,1,10.76,NA,2022-07-19 05:12:46
497,Hobyo,5.3505,48.5268,77.29,75,82,26.33,SO,2022-07-19 05:12:46
498,Yingcheng,30.95,113.55,87.15,71,98,5.86,CN,2022-07-19 05:12:47
499,Novyy Starodub,48.5158,33.1733,65.1,57,5,4.97,UA,2022-07-19 05:12:47
500,Visby,57.6409,18.296,65.05,88,0,8.05,SE,2022-07-19 05:12:48
501,Salinopolis,-0.6136,-47.3561,77.72,87,88,10.98,BR,2022-07-19 05:12:48
502,Cayenne,4.9333,-52.3333,76.08,1,100,0.0,GF,2022-07-19 05:09:57
503,Kanigoro,-8.13,112.219,85.17,58,54,9.51,ID,2022-07-19 05:12:49
504,Eyl,7.9803,49.8164,80.06,55,79,29.73,SO,2022-07-19 05:12:49
505,Patiya,22.2931,91.9762,86.31,76,100,11.01,BD,2022-07-19 05:12:49
506,Mangan,27.5167,88.5333,82.96,82,100,2.73,IN,2022-07-19 05:12:50
507,Elizabeth City,36.2946,-76.2511,80.62,89,0,14.97,US,2022-07-19 05:10:52
508,Sola,-13.8833,167.55,80.78,74,32,18.77,VU,2022-07-19 05:12:50
509,Alta Floresta,-9.8756,-56.0861,66.54,48,3,4.14,BR,2022-07-19 05:12:51
510,Rensvik,63.1,7.8167,55.06,87,75,5.75,NO,2022-07-19 05:12:51
511,Olafsvik,64.8945,-23.7142,52.12,77,100,8.39,IS,2022-07-19 05:12:52
512,Leh,34.1667,77.5833,71.53,27,17,4.5,IN,2022-07-19 05:08:17
513,Atar,20.5169,-13.0499,87.98,42,6,4.68,MR,2022-07-19 05:12:52
514,Praia,14.9215,-23.5087,74.89,87,93,8.37,CV,2022-07-19 05:12:53
515,Machaneng,-23.1862,27.4886,50.83,74,2,6.62,BW,2022-07-19 05:12:53
516,Spearfish,44.4908,-103.8594,83.28,32,0,9.22,US,2022-07-19 05:11:22
517,Kangaba,11.9333,-8.4167,72.1,94,70,6.71,ML,2022-07-19 05:12:54
518,Gafargaon,24.4333,90.5667,89.42,65,100,11.23,BD,2022-07-19 05:12:54
519,Kota Kinabalu,5.9749,116.0724,89.58,70,20,3.44,MY,2022-07-19 05:12:55
520,Dakar,14.6937,-17.4441,81.48,78,79,9.64,SN,2022-07-19 05:12:55
521,Sulina,45.1559,29.6536,70.57,51,44,7.0,RO,2022-07-19 05:12:55
522,Istok,42.7808,20.4875,63.1,43,0,2.35,XK,2022-07-19 05:12:56
523,Palmas Bellas,9.2319,-80.0867,79.25,92,80,3.6,PA,2022-07-19 05:12:56
524,Axim,4.8699,-2.2405,74.91,77,93,10.49,GH,2022-07-19 05:12:57
525,Zyryanka,65.75,150.85,59.16,80,100,9.04,RU,2022-07-19 05:12:57
526,Porbandar,21.6422,69.6093,82.83,81,93,12.97,IN,2022-07-19 05:12:57
527,Altoona,40.5187,-78.3947,71.24,90,83,4.79,US,2022-07-19 05:12:58
528,Wum,6.3833,10.0667,61.54,97,96,2.21,CM,2022-07-19 05:12:58
529,Kahului,20.8947,-156.47,78.82,65,40,23.02,US,2022-07-19 05:12:59
530,Husavik,66.0449,-17.3389,51.22,79,95,5.73,IS,2022-07-19 05:12:59
531,Marystown,47.1666,-55.1483,60.85,100,96,7.58,CA,2022-07-19 05:13:00
532,Aligudarz,33.4006,49.6949,80.65,11,0,9.08,IR,2022-07-19 05:13:00
533,Zhezkazgan,47.8043,67.7144,80.58,39,0,11.18,KZ,2022-07-19 05:13:01
534,Isiolo,0.3546,37.5822,67.62,61,71,8.12,KE,2022-07-19 05:13:01
535,Tyup,42.7276,78.3648,75.79,40,0,1.5,KG,2022-07-19 05:13:01
536,Jensen Beach,27.2545,-80.2298,79.07,88,99,1.01,US,2022-07-19 05:13:02
537,Jaisinghnagar,23.7,81.3833,88.57,57,35,6.64,IN,2022-07-19 05:11:31
